-- SARAVANANE Sylvain
-- LECHARLES Adam
-- L2 MIASHS TD2

DROP DATABASE IF EXISTS adan_airways;
drop table if exists employe, gerant, agent, avion, passager, paiement, reservation;

CREATE DATABASE adan_airways;
USE adan_airways;

	-- EMPLOYE (n° employe, nom, prénom, age, sexe)
	#DROP TABLE employe;
create table employe	(
		numero decimal (3) primary key,
		nom varchar (12) not null,
		prenom varchar (12) not null,
		age decimal (2) not null,
		sexe enum ('Masculin','Feminin') not null default 'Masculin', 
        unique key (nom, prenom, age) );


insert into employe values 
		(11,'Turner', 'Timmy', 45 , 'Masculin'),
		(18,'Ackerman','Levai', 48 , 'Masculin'),
		(13,'Nicollier','Gaël', 50 , 'Masculin'),
		(8,'Figuier','Peggy', 33 , 'Feminin'),
		(2,'Nee','Aliénor', 32 , 'Feminin'),
		(10,'Bruneau','Viviane', 46 , 'Feminin'),
		(15,'Élodie','Chéreau', 36 , 'Feminin'),
		(14,'Choquet','Phil', 46 , 'Masculin'),

        (32,'Joubert','Francine', 39 , 'Feminin'),
        (26,'Boissieu','Germain',36,'Masculin'),
        (38,'Anne','Hector',47,'Feminin'),
        (29,'Félix','Cousteau',39,'Masculin'),
        (30,'Tobie','Robiquet',52,'Masculin'),
        (22,'Nadège','Pleimelding',35,'Feminin'),
        (33,'Jocelyne','Cerfbeer',42,'Feminin'),
        (39,'Abelin','Bachelot',50,'Masculin') ;
insert into employe values
		(56,'Dujardin','Vanessa',22, 'Feminin'),
        (45,'Soyer','Maxime',32,'Masculin'),
		(75,'Ballouhey','Jacques',28,'Masculin'),
        (68,'Vaillancourt','Jocelyne',27,'Feminin'),
        (50,'Favre','Léonard',29,'Masculin'),
        (41,'Jacquier','Marius',25,'Masculin'),
        (43,'Mallet','Émilienne',36,'Feminin'),
        (52,'Cailloux','Jasmine',34,'Feminin'),
        (66,'Dubuisson','Adèle',30,'Feminin'),
        (74,'Abbadie','Zacharie',29,'Masculin'),
        (63,'Boffrand','Antoinette',24,'Feminin'),
        (78,'Fouquet','Maeva',26,'Feminin'),
        (72,'Beaux','Théo',27,'Masculin'),
        (49,'Laurens','Florian',32,'Masculin'),
        (58,'Hippolyte','Escoffier',32,'Masculin'),
        (70,'Chevotet','Edmond',31,'Masculin') ;
insert into employe values
        (82,'Bacque','Flora',22,'Feminin'),
        (96,'Gainsbourg','Tatiana',26,'Feminin'),
        (90,'Barbier','Gaston',21,'Masculin'),
        (85,'Prudhomme','Leslie',28,'Feminin'),
        (92,'Vandame','Fabien',25,'Masculin'),
        (99,'Couvreur','Edgar',26,'Masculin'),
        (87,'Brian','Gabriel',25,'Masculin'),
        (83,'Garnier','Yolande',22,'Feminin'),
        
        (101,'Chabert','Danièle',35,'Feminin'),
        (107,'Lemaigre','Katia',39,'Feminin'),
        (105,'Guillaume','Joseph',42,'Masculin'),
        (102,'Rochefort','Nathalie',38,'Feminin'),
        (106,'Chapelle','Marius',42,'Masculin'),
        (103,'Vaganay','Brice',48,'Masculin'),
        (109,'Chausson','Yolande',46,'Feminin'),
        (108,'Celice','Edouard',43,'Masculin')  ;

insert into employe values
		(205,'Gauthier','Diane',28,'Feminin'),
        (216,'Cochet','Chloé',26,'Feminin'),
        (245,'Boffrand','Linda',32,'Feminin'),
        (209,'Martin','Fiona',30,'Feminin'),
        (265,'Breguet','Charlène',30,'Feminin'),
        (285,'Manaudou','Bérénice',29,'Feminin')  ;

        
	-- AVION (n° avion, taille, capacité, long/court)
    #drop table avion;
create table avion 		(
		numero decimal (4) primary key,
        typee enum ('Boeing','Airbus')not null default 'Boeing',  
        capacite decimal (5),
        trajet enum ('Court', 'Long') not null default 'Court'  )  ;
        
insert into avion values 
		(1255,'Boeing',468,'Court'),
        (1300,'Airbus',516,'Long'),
        (1450,'Boeing',468,'Court'),
        (1423,'Boeing',468,'Court'),
        (1311,'Airbus',516,'Long'),
        (1653,'Boeing',468,'Court'),
        (1545,'Airbus',516,'Long'),
        (1254,'Boeing',468,'Long')  ;
        
	-- GERANT (n° gérant, n° avion, spécialité)
	#drop table gerant;
create table gerant		(
		numero decimal (3) primary key,
        numeroA decimal (4),
		specialite enum ('Pilote',
						'Copilote',
                        'Hote',
                        'Barman',
                        'Medecin') default 'Hote' not null,
		foreign key (numero) references employe (numero),
        foreign key (numeroA) references avion (numero) );
        
insert into gerant values 
		(11,1300,'Pilote'),
        (18,1311,'Pilote'),
        (13,1545,'Pilote'),
        (8,1254,'Pilote'),
        (2,1255,'Pilote'),
        (10,1423,'Pilote'),
        (15,1450,'Pilote'),
        (14,1653,'Pilote'),
        
        (32,1300,'Copilote'),
        (26,1311,'Copilote'),
        (38,1545,'Copilote'),
        (29,1254,'Copilote'),
        (30,1255,'Copilote'),
        (22,1423,'Copilote'),
        (33,1450,'Copilote'),
        (39,1653,'Copilote');
        
insert into gerant values        
        (56,1300,'Hote'),
        (45,1653,'Hote'),
        (75,1311,'Hote'),
        (68,1450,'Hote'),
        (50,1545,'Hote'),
        (41,1423,'Hote'),
        (43,1254,'Hote'),
        (52,1255,'Hote'),
        
        (66,1254,'Hote'),
        (74,1653,'Hote'),
        (63,1300,'Hote'),
        (78,1255,'Hote'),
        (72,1450,'Hote'),
        (49,1545,'Hote'),
        (58,1311,'Hote'),
        (70,1423,'Hote');
        
insert into gerant values           
        (82,1300,'Barman'),
        (96,1311,'Barman'),
        (90,1545,'Barman'),
        (85,1254,'Barman'),
        (92,1255,'Barman'),
        (99,1423,'Barman'),
        (87,1450,'Barman'),
        (83,1653,'Barman'),
        
        (101,1300,'Medecin'),
        (107,1311,'Medecin'),
        (105,1545,'Medecin'),
        (102,1254,'Medecin'),
        (106,1255,'Medecin'),
        (103,1423,'Medecin'),
        (109,1450,'Medecin'),
        (108,1653,'Medecin')  ;
        
	-- AGENT (n° agent, salaire)
    #drop table agent;
create table agent		(
		numero decimal (3) primary key,
        salaire decimal (6,2) not null, 
        foreign key (numero) references employe (numero)  ) ;
        
insert into agent values 
		(205,1350.36),
        (216,1653.26),
        (245,1548.98),
        (209,1398.54),
        (265,1444.36),
        (285,1575.45)  ;
        
	-- VOL (n° vol, n° avion, date, heure départ, ville départ,heure arrivée, ville arrivée, prix classe eco, prix classe business)
    #drop table vol;
create table vol		(
		numero decimal (5) primary key,
        numeroA decimal (4),
        date_du_vol date not null, 
        heure_depart time not null,
        ville_depart varchar (40) not null,
        heure_arrivee time not null,
        ville_arrivee varchar (40) not null,
        prix_eco decimal (3) not null,
        prix_business decimal (3) not null,
        foreign key (numeroA) references avion (numero) )  ;

insert into vol values
	(50101,1300,'2021-12-13','08:30','San Francisco','13:30','Chicago','130','160'),
    (50102,1300,'2021-12-13','18:30','Chicago','23:30','San Francisco','130','160'),
    (50103,1311,'2021-12-13','11:45','New York','15:30','Chicago','140','170'),
    (50104,1545,'2021-12-13','07:30','Houston','12:15','Los Angeles','120','150'),
    (50105,1254,'2021-12-13','09:00','Dallas','13:00','Chicago','100','130'),
    (50106,1255,'2021-12-13','06:15','Dallas','07:15','Houston','50','80'),
    (50107,1423,'2021-12-13','13:00','Houston','14:00','Dallas','50','80'),
    (50108,1450,'2021-12-13','17:00','New York','18:00','Philadelphie','30','60'),
    (50109,1653,'2021-12-13','09:00','San Francisco','10:00','Los Angeles','50','80'),
    (50110,1653,'2021-12-13','14:00','Los Angeles','15:00','San Francisco','50','80') ;
    
	-- PAIEMENT (n° paiement, montant)
	#drop table paiement;
create table paiement	(
	numero decimal (5) primary key,
    montant decimal (6,2) not null) ;
    
insert into paiement values
	(3001,130),
    (3002,130),
    (3003,120),
    (3004,120),
    (3005,120),
	(3006,120),
	(3007,30),
    (3008,30),
    (3009,30),
	(3010,30),
    
    (3011,30),
    (3012,30),
    (3013,30),
	(3014,60),
    (3015,60),
    (3016,60),
    (3017,60),	
    (3018,60),
    (3019,60),
    (3020,60),
   
    (3021,60),
    (3022,60),
    (3023,60),
    (3024,60),
    (3025,60),
    (3026,60),
    (3027,140),
    (3028,140),
    (3029,140),
    (3030,140),
    
    (3031,140),
    (3032,140),
    (3033,130),
    (3034,130),
    (3035,140),
    (3036,140),
    (3037,140),
    (3038,140),
    (3039,140),
    (3040,140);

insert into paiement values      
	(3041,160),
    (3042,160),
    (3043,160),
	(3044,160),
    (3045,160),
    (3046,160),
    (3047,160),
	(3048,160),
    (3049,160),
    (3050,160),
    
    (3051,160),
	(3052,170),
    (3053,170),
	(3054,160),
    (3055,160),
    (3056,160),
    (3057,160),
	(3058,160),
    (3059,150),
    (3060,150),
    
    (3061,150),
    (3062,150),
    (3063,170),
    (3064,170),
	(3065,170),
    (3066,170),
    (3067,170),
    (3068,170),
	(3069,150),
    (3070,150),
    
    (3071,150),
    (3072,150),
	(3073,120),
    (3074,120),
    (3075,120),
    (3076,120),
	(3077,120),
    (3078,120),
    (3079,120),
    (3080,120);
    
insert into paiement values      
	(3081,30),
    (3082,30),
    (3083,30),	
    (3084,30),
	(3085,100),
    (3086,100),
    (3087,100),
    (3088,100),	
    (3089,100),
    (3090,100),
    
    (3091,100),
    (3092,100),
	(3093,100),
    (3094,100),
    (3095,100),
    (3096,100),
    (3097,30),
    (3098,30),
    (3099,30),
	(3100,60),
    
    (3101,60),
    (3102,60),
    (3103,60),	
    (3104,60),
    (3105,60),
    (3106,60),
    (3107,60),
	(3108,130),
    (3109,130),
    (3110,130),
    
    (3111,130),
	(3112,130),
    (3113,130),
    (3114,130),
    (3115,130),
    (3116,50),
    (3117,50),
    (3118,50),
    (3119,50),	
    (3120,50);

insert into paiement values      
    (3121,50),
    (3122,50),
    (3123,50),
	(3124,50),
    (3125,50),
    (3126,50),
    (3127,50),
    (3128,50),
    (3129,50),
    (3130,50),
    
    (3131,50),
    (3132,50),
    (3133,50),
    (3134,50),
    (3135,50),
	(3136,50),
    (3137,50),
    (3138,50),
    (3139,50),
    (3140,50),
    
    (3141,50),
    (3142,50),
    (3143,50),	
    (3144,50),
    (3145,50),
    (3146,50),
    (3147,50),
	(3148,50),
    (3149,50),
    (3150,50),
    
    (3151,50),
    (3152,50),
    (3153,50),
    (3154,50),
    (3155,50),	
    (3156,50),
    (3157,50),
    (3158,50),
    (3159,50),
	(3160,50);
    
insert into paiement values      
    (3161,50),
    (3162,50),
    (3163,50),
    (3164,80),
    (3165,80),
    (3166,80),
    (3167,80),	
    (3168,80),
    (3169,80),
    (3170,80),
    
    (3171,80),
	(3172,80),
    (3173,80),
    (3174,80),
    (3175,80),
	(3176,80),
    (3177,80),
    (3178,80),
    (3179,80),	
    (3180,80),
    
    (3181,80),
    (3182,80),
    (3183,80),
	(3184,80),
    (3185,80),
    (3186,80),
    (3187,80),
	(3188,80),
    (3189,80),
    (3190,80),
    
    (3191,80),	
    (3192,80),
    (3193,80),
    (3194,80),
    (3195,80),
	(3196,80),
    (3197,80),
    (3198,80),
    (3199,80),
	(3200,30)	;    
    
-- PASSAGER (n° passager, n° avion, nom, prénom, âge, adresse, téléphone)
	#drop table passager;
create table passager	(
	numero decimal (5) primary key,
    numeroA decimal (4),
    nom varchar (40) not null,
	prenom varchar (40) not null,
	age decimal (2) not null,
    adresse varchar (100) not null,
    telephone decimal (10) not null,
    foreign key (numeroA) references avion (numero)	)	;

insert into passager values 
	(2000,1311,'Bates','Lauren',22,'30 Chemin De Givenchy, Vimy, France',0675604302),
	(2001,1311,'Barnes','Chloe',35,'33 Rue Du Huit Mai, Barentin, France',0654709865),
    (2002,1311,'Parry','Kayla',26,'20 Tra De Bibares, Bernac-debat, France',0691562224),
    (2003,1311,'Thomas','Hannah',50,'16 Chemin De L Eglise, Barret-sur-meouge, France',0684491062),    
    (2004,1311,'Carter','Ruby',45,'23 Impasse Fortet, Serrieres-en-chautagne, France',0603748119),
    (2005,1311,'Finch','Carlee',98,'30 Cour Hennion Rue Glaciere, Lille, France',0695655701),
    (2006,1311,'Erickson','Ayla',36,'5 Chemin Des Brosses, Saint-remy-de-maurienne, France',0633541091),
    (2007,1311,'Hayes','Giuliana',48,'21 Voie Fragonard, Vitry Sur Seine, France',0697447722),
    (2008,1311,'Tyler','Dulce',89,'5 Rue Vincent Van Gogh, Oye-plage, France',0633553128),
    (2009,1311,'Glass','Leilani',41,'23 Rue St Leonard, Corbeil Essonnes, France',0699802166),    
    (2010,1311,'Perry','Kate',19,'5 Half Mound Road, Holton,ks, 66436  United States',0684766847),
    (2011,1311,'Kaur','Freya',18,'30 Riverfront Pkwy, South Jordan,ut, 84095  United States',0668087333),
        
    (2012,1311,'Houghton','Katie',26,'23 Bear Creek Road, Bon Aqua,tn, 33025  United States',0620515715),
    (2013,1311,'Bates','Harriet',34,'18 Bargate Court, Baltimore,md, 21212  United States',0662601087),
    (2014,1311,'Gordon','Esme',45,'2 Blowers Avenue N, Wessington Springs,sd, 53382  United States',0672478387),
    (2015,1311,'Ramos','Sophie',44,'33 Sequoia Road, Orange Park,fl, 32033  United States',0611373424),
    (2016,1311,'Briggs','Mckinley',22,'32 Foothills Drive N, Golden,co, 80401  United States',0696422783),
    (2017,1311,'Mcdaniel','Milania',32,'13 E Sedgefield Drive, Greensboro,nc, 23403  United States',0691668815),
    (2018,1311,'Holt','Sadie',41,'14 Holland Avenue, Johnston,ri, 2919  United States',0643445582),
    (2019,1311,'Martin','Kaleigh',78,'14 Smiley Hall Road, Riceboro,ga, 31323  United States',0624314966);
    
insert into passager values    
    (2020,1254,'Pearson','Lola',78,'34 Charter Oak Terrace, Yorba Linda,ca, 92886  United States',0660713544),
    (2021,1254,'Turner','Lydia',89,'22 Sunset Lane, Holderness,nh, 3245  United States',0661925214),
    (2022,1254,'Patel','Rebecca',54,'13 Apex Lane, Butte,mt, 59301  United States',0637746782),
    (2023,1254,'Clarke','Shannon',19,'7 Dominic Court, Dedham,ma, 2026  United States',0647404486),
    (2024,1254,'Thomas','Emilia',36,'25 Ipuka Place, Kaneohe,hi, 96344  United States',0641187370),    
    (2025,1254,'Cruz','Adley',36,'12 Elepaio, Volcano,hi, 96385  United States',0691324099),
    (2026,1254,'Moody','Paulina',36,'10 W Verde Lane, Phoenix,az, 85033  United States',0678842692),
    (2027,1254,'Woodward','Elaine',45,'25 Riddell Lane, Alameda,ca, 94502  United States',0631715833),
    (2028,1254,'Butler','Aspen',36,'4 Quail Cove Court, Indianapolis,in, 46233  United States',0671650783),
    (2029,1254,'Jefferson','Caroline',22,'34th Avenue NW, Stanley,nd, 58384  United States',0692259044),
    (2030,1254,'James','Abigail',56,'15B Sule Abuka Cresent Opebi,Lagos,Nigeria',0651134004),
    (2031,1254,'Murray','Lola',66,'Block Industry Bus StopKurudu,Abuja,Nigeria',0690142628),
    
    (2032,1254,'Adams','Lilly',88,'34/36 Adegbola street Anifowoshe Ikeja,Lagos,Nigeria',0608436411),
    (2033,1254,'Hunt','Lucy',45,'19Bode Thomas Street,Lagos,Nigeria',0676522635),
    (2034,1254,'White','Chloe',65,'15B Sule Abuka Cresent Opebi,Lagos,Nigeria',0646536650),
    (2035,1254,'Franks','Libby',65,'123 Ojuelegba Road,Lagos,Nigeria',0623784628);
    
insert into passager values     
    (2036,1545,'Booth','Marissa',56,'Mission Junction  Orji,Imo,Nigeria',0679367019),
    (2037,1545,'Peterson','Kenna',96,'14B Obunaike Street,Eti Osa,Nigeria',0683797351),
    (2038,1545,'Whitley','Ayana',36,'20 Michael Ajiboye Crescent Alabgado,Lagos,Nigeria',0616109487),
    (2039,1545,'Becker','Leila',23,'Olorunfunmi Street off Oregun Road Ojota,Lagos,Nigeria',0640668605),    
    (2040,1545,'George','Erin',45,'Emilio Jiménez Millas,18, Madrid  Plaza de  Madrid, 28015',0607123109),
    (2041,1545,'Austin','Sienna',44,'Travesía Cuarta Chouzo 4,29, 36208  Vigo  Galicia, Spain',0685792277),
    (2042,1545,'Cooke','Phoebe',22,'Tomás Pulido,28, Extremadura  Calle  Cáceres, 10004',0639100304),
    (2043,1545,'Gordon','Brooke',33,'Calle de las Hierbas,1, 28224  Madrid  Madrid, Spain',0628049861),
    (2044,1545,'Anderson','Isabella',30,'Calle del Tornillo,28, 14002  Córdoba  Andalusia, Spain',0672080669),
    (2045,1545,'Hester','Jaelyn',36,'Calle del Padre Muedra,30, 16015  Valencian Community  Valencian Community, Spain',0696659660),
    (2046,1545,'Bird','Leah',40,'Calle Quintana,21, 41002  Sevilla  Andalusia, Spain',0601074989),
    (2047,1545,'Stokes','Madisyn',50,'Ciutat de Freta,5, Catalonia  Carrer de la  Mataró, 8302',0665973282),
    
    (2048,1545,'Duke','Taraji',60,'Calle Quito,12, 11500  El Puerto de Santa María  Andalusia, Spain',0649148803),
    (2049,1545,'Hoover','Amara',90,'Calle del Rebollar,11, 46025  Valencian Community  Valencian Community, Spain',0660931039),    
    (2050,1545,'Cole ','Reuben',80,'25 Brightwell Avenue, Westcliff-on-Sea  England',0670994421),
    (2051,1545,'Ryan','Robert',45,'15 Barnwell Close, Bristol  England',0682198607),
    (2052,1545,'Graham','Joseph',51,'19 Post Office Terrace, Nanpean  England',0630276940),
    (2053,1545,'Stewart','Ethan',31,'10 Sanger Close, Nottingham  England',0687595684),
    (2054,1545,'Brooks','Jonathan',64,'35 Church Street, Bromyard  England',0636224543),
    (2055,1545,'King','Randall',25,'7 White Gates, Holmer  England',0604188105) ;
    
insert into passager values      
    (2056,1300,'Donaldson','Byron',29,'18 Lawton Heath End, Rowan Close  Church Lawton',0699857617),
    (2057,1300,'Dalton','Harrison',48,'10 Trethurgy Gardens, Callington  England',0676589111),
    (2058,1300,'Fleming','Alden',98,'10 Jennetts Close, Tutts Clump  England',0665906414),
    (2059,1300,'Cook','Brendon',76,'12 Highclere Road, Hampton Hargate  England',0635705790),
    
    (2060,1300,'Gray','Bret',49,'14 The Homestead, Kilpin  England',0609097579),
    (2061,1300,'Moore','Quinn',65,'17 Woodview, Old Racecourse  England',0642514972),
    (2062,1300,'Berry','Kit',53,'28 Cantona Cottage, Wellington  England',0657005535),
    (2063,1300,'Rose','Kiran',35,'34 Woodfield, St. Cleer  England',0680650559),
    (2064,1300,'Hamilton','Quinn',65,'27 Church Road, Illogan  England',0606230581),
    (2065,1300,'Farrell','Caden',99,'32 Penpoll Farm, Porthkea  England',0689224034),
    (2066,1300,'Fulton','Frankie',45,'23 The Pines, Naburn  England',0687106171),
    (2067,1300,'Keith','Bev',65,'28 Graveney Drive, Caversham  England',0636167790);
    
insert into passager values    
    (2068,1255,'Crane','Lane',45,'5 Hollingsworth, Hampstead Norreys  England',0648047969),
    (2069,1255,'Nielsen','Leigh',37,'24 Speen Lodge Court, Speen  England',0672931642),    
    (2070,1255,'Lane','Jordan',48,'33 Bevois Valley Road, Southampton  England',0646530938),
    (2071,1255,'Gibson','Gene',75,'19 Wrinklers Wood, Mithian Downs  England',0611995642),
    (2072,1255,'Howard','Jaime',67,'27 Fowlers Lane, Bracknell  England',0622845989),
    (2073,1255,'Macdonald','Skylar',76,'4 Haines Place, Newton St. Margarets  England',0614499052),
    (2074,1255,'Porter','Raylee',45,'32 Waterside View, Paignton  England',0645987176),
    (2075,1255,'Frye','Jaden',74,'28 The Slad, Grovesend  England',0630962147),
    (2076,1255,'Mcleod','Billie',36,'32 The Hollies, The Cross  England',0636697137),
    (2077,1255,'Scott','Clem',34,'19 Belvedere Parade, Bridlington  England',0642257755),
    (2078,1255,'Daniel','Mason',33,'22 Stamford Farm, Stamford  England',0672146232),
    (2079,1255,'Holman','Glen',34,'31 Frith Lane, Wrenbury  England',0657221990),
    
    (2080,1255,'Querrey','Sam',47,'19 Rue De La Petite Velaines, Velaines, France',0658406550),
    (2081,1255,'Messi','Lionel',49,'7 Rue Nouvelles Resses, Villargondran, France',0666292140),
    (2082,1255,'Paszek','Tamira',47,'32 Rue De Villeneuve, Maure-de-bretagne, France',0685491384),
    (2083,1255,'Cox','Charlie',49,'9 Rue De Granville, Saint-brieuc, France',0613279120),
    (2084,1255,'Mccarthy','Aiden',36,'9 Rue De La Perriere, Montagna-le-reconduit, France',0686772491),
    (2085,1255,'Woods','Blake',43,'27 Route D Olhette, Ciboure, France',0616765304),
    (2086,1255,'Turner','Reed',26,'15 Chemin Des Esserts, Saint-pierre-d Albigny, France',0643944362),
    (2087,1255,'Gibson','Rory',22,'3 Rue De Chauville, Nonville, France',0685453030),
    (2088,1255,'Haley','Jo',34,'31 Rue Alfred De Vigny, Montigny Les Cormeilles, France',0680552238);
    
insert into passager values      
    (2089,1450,'Robin ','Moses',43,'1 Rue Des Pierres Noires, Erdeven, France',0678222526),    
    (2090,1450,'Osterloh','Lilia',78,'12 Rue Verte,Epinal, France',0662134829),
    (2091,1450,'Cook','Logan',95,'4 Route De Cangrand,Epinal, France',0670674033),
    (2092,1450,'Morse','Carol',94,'24 Route De Sermerieu,Epinal, France',0605353001),
    (2093,1450,'Jensen','Jamye',65,'10 Rue Des Laboureurs,Agen, France',0615932155),
    (2094,1450,'Miller','Jaime',90,'11 Rue N11,Agen, France',0638496563),
    (2095,1450,'Palmer','Danny',20,'15 Place Leo Lagrange,Agen, France',0677327853),
    (2096,1450,'Brown','Lesley',45,'7 Rue Du Paillot,Agen, France',0663344938),
    (2097,1450,'Doyle','Blair',78,'17 Cd Saint Louis,Angers, France',0653817766),
    (2098,1450,'Green','Mel',63,'1 Rue Du Gardian,Angers, France',0622629362),
    (2099,1450,'Mclaughlin','Kerry',24,'6 Rue Perce Neige,Angers, France',0658474719),   
    (2100,1450,'Edwards','Lynn',23,'27 Rue Pierre Curie,Bayonne, France',0695727792),
    (2101,1450,'Craft','Jaden',45,'33 Cour Du Ruisseau De Canteras,Bayonne, France',0627439016),
    (2102,1450,'Hudson','Taylor',23,'15 Rue De Park Ar Forn,Bayonne, France',0689832832),
    (2103,1450,'Moreno','Rowan',22,'21 Chemin De Daunat,Bayonne, France',0616046518),
    
    (2104,1450,'Thompson','Alexandra',49,'18 Rue Des Muguets,Bayonne, France',0698530284),
    (2105,1450,'Cooke','Maddison',64,'31 Rue De La Place Publique,Angouleme, France',0686884778),
    (2106,1450,'Holland','Nicole',65,'31 Rue De L Alicante,Angouleme, France',0652283987),
    (2107,1450,'Mason','Jodie',34,'21 Square Abbe Cachin,Angouleme, France',0639468212),    
    (2108,1450,'Andrews','Willow',36,'7 Rue De La Craye,Angouleme, France',0641869448),
    (2109,1450,'Peters','Larissa',38,'20 Impasse De La Brandette,Angouleme, France',0615711949),
    (2110,1450,'Morton','Kyndall',25,'16 Route Du Huit Mai,Boulogne-sur-Mer, France',0659375348),
    (2111,1450,'Mcmillan','Andrea',26,'29 Rue Montante,Boulogne-sur-Mer, France',0632544240),
    (2112,1450,'Glenn','Mallory',74,'17 Rue De Varenne,Boulogne-sur-Mer, France',0642052449),
    (2113,1450,'Hall','Aubriana',53,'6 Rue De Nancy,Boulogne-sur-Mer, France',0670896723),
    (2114,1450,'Chapman','Eloise',94,'26 Rue Du Chateau D Eau,Boulogne-sur-Mer, France',0658262426),
    (2115,1450,'Lewis','Martha',65,'13 Zup Du Barrou,Boulogne-sur-Mer, France',0641985180),
    (2116,1450,'James','Louise',35,'1 Rue De La Fure,Boulogne-sur-Mer, France',0634372452),
    (2117,1450,'Houghton','Madeleine',38,'22 Avenue Paul Ravoux,Boulogne-sur-Mer, France',0635461387),
    (2118,1450,'Kennedy','Courtney',39,'34 Impasse Des Genets,Boulogne-sur-Mer, France',0639224312),
    (2119,1450,'Williamson','Annie',29,'31 Rue Irene Joliot Curie,Boulogne-sur-Mer, France',0621974402),    
    (2120,1450,'Lynn','Jaelyn',48,'5 Place De La Bibliotheque,Fontenay-sous-Bois, France',0605489463),
    (2121,1450,'Ballard','Aliya',49,'11 Rue De L Hotel De Ville,Fontenay-sous-Bois, France',0676741906),
    (2122,1450,'Goff','Khloe',89,'28 Chemin De Gastoun,Fontenay-sous-Bois, France',0653841892),
    (2123,1450,'Gould','Ryleigh',59,'21 Chemin Du Pommerin,Fontenay-sous-Bois, France',0603013651),
    (2124,1450,'Harrison','Oliver',36,'17 Rue Des Tournes,Fontenay-sous-Bois, France',0698825599);
    
insert into passager values     
    (2125,1300,'Mason','Rory',46,'22 Rue Du Canigou,Fontenay-sous-Bois, France',0680245520),
    (2126,1300,'Foster','Leon',51,'23 Route Du Pontet,Fontenay-sous-Bois, France',0619000311),
    (2127,1300,'Poole','Kyle',61,'28 Chemin Bouzon,Fontenay-sous-Bois, France',0686936728),
    (2128,1300,'Roberts','William',31,'3 Rue Saint Hubert,Montigny-le-Bretonneux, France',0678347361),
    
    (2129,1300,'Nixon','Quintin',78,'33 Impasse Des Malladieres,Montigny-le-Bretonneux, France',0624995806),    
    (2130,1300,'Curtis','Antonio',44,'14 Impasse De L Ancienne Forge,Montigny-le-Bretonneux, France',0613491227),
    (2131,1300,'Nguyen','Jairo',55,'28 Chemin Esparssous,Montigny-le-Bretonneux, France',0684438619),
    (2132,1300,'Griffith','Will',99,'11 Rue Du Moulin Brule,Montigny-le-Bretonneux, France',0643142372),
    (2133,1300,'Kent','Byron',64,'8 Rue De Laliat,Montigny-le-Bretonneux, France',0612774013),
    (2134,1300,'Kujo','Jotaro',98,'26 Rue Des Silos,Montigny-le-Bretonneux, France',0645094447),
    (2135,1300,'Berry','Daniel',97,'34 Rpt Du Dehes,Montigny-le-Bretonneux, France',0618203517),
    (2136,1300,'Watson','Billy',45,'31 Impasse Des Lilas,Montigny-le-Bretonneux, France',0655176353);
    
insert into passager values      
    (2137,1653,'Kennedy','Declan',56,'21 Route De Lanouaillette,Montigny-le-Bretonneux, France',0655180789),
    (2138,1653,'Carter','Stanley',87,'15 Avenue De La Vesle,Montigny-le-Bretonneux, France',0624965895),
    (2139,1653,'Moss','Bailey',54,'11 Chemin De La Foret,Montigny-le-Bretonneux, France',0657932450),    
    (2140,1653,'Kim','Rey',64,'22 Impasse Des Paturages,Mantes-la-Jolie, France',0644843889),
    (2141,1653,'Sellers','River',63,'28 Rue Linard,Mantes-la-Jolie, France',0681146803),
    (2142,1653,'Donovan','Oscar',32,'21 Rue Des Champs,Mantes-la-Jolie, France',0605556627),
    (2143,1653,'Thornton','Joshua',62,'13 Chemin Du Clos De La Cour Moussoy,Mantes-la-Jolie, France',0611915300),
    (2144,1653,'Gordon','Trey',45,'7 Rue Du Batard,Mantes-la-Jolie, France',0689657862),
    (2145,1653,'Davies','Maddox',89,'9 Rue Du Patis,Mantes-la-Jolie, France',0652852418),
    (2146,1653,'Hudson','Avery',45,'34 Rue Des Avocatiers,Mantes-la-Jolie, France',0671792984),
    (2147,1653,'Brown','Harper',61,'2 Place Duguesclin,Mantes-la-Jolie, France',0624593459),
    (2148,1653,'Bailey','Avery',62,'33 Mte Claude Marmier,Mantes-la-Jolie, France',0645490786),
    
    (2149,1653,'Duncan','Aubrey',36,'3 Place De La Poste,Mantes-la-Jolie, France',0628936015),    
    (2150,1653,'Kidd','Chris',64,'Avenida Lago 6,Portugal 2765-213',0606047446),
    (2151,1653,'Duke','Gabe',49,'Rua Loreto 37,Portugal 5090-231',0676506842),
    (2152,1653,'Steele','Sidney',64,'2 Rue Du Bel Air,Malakoff, France',0690726357),
    (2153,1653,'Hall','Kerry',74,'19 Chemin De Caragon,Malakoff, France',0696947651),
    (2154,1653,'Sargent','Aiden',48,'9 Ruelle Du Prince,Malakoff, France',0605043793),
    (2155,1653,'Ball','Skylar',74,'21 Rue Des Remparts,Malakoff, France',0688677659),
    (2156,1653,'Foster','Alexis',67,'28 Rue Des Places,Malakoff, France',0695084689),
    (2157,1653,'Campbell','Billy',97,'30 Rue Du Fer A Cheval,Malakoff, France',0644484089);
    
insert into passager values      
    (2158,1423,'Sutton','Danny',37,'27 Rue De L Eglise,Malakoff, France',0659798555),
    (2159,1423,'Lawson','Jo',26,'14 Rue Du Moulin,Malakoff, France',0610349848),      
    (2160,1423,'Berg','Kai',64,'35 Route De Touffreville,Goussainville, France',0699232276),
    (2161,1423,'Keller','Jo',61,'6 Chemin Du Pigeonnier,Goussainville, France',0630125390),
    (2162,1423,'Patel','Reggie',84,'20 Rue De La Terrasse,Goussainville, France',0609247759),
    (2163,1423,'Martin','Reed',64,'15 Rue De La Fromagerie,Goussainville, France',0643592526),
    (2164,1423,'Collier','Lee',20,'32 Rue Des Pruniers,Goussainville, France',0643407419),
    (2165,1423,'Gray','Brynn',18,'34 Chemin Du Platet,Goussainville, France',0659129054),
    (2166,1423,'John','Alexis',91,'19 Rue Fg Du Moulin A Vent,Goussainville, France',0639793152),
    (2167,1423,'Mills','Leslie',19,'13 Boulevard D Orient,Goussainville, France',0605089420),
    (2168,1423,'Butler','Shay',18,'6 Rue Du Combottier,Goussainville, France',0671187090),
    (2169,1423,'Lecharles','Adan',21,'32 Rue Du Fouloir,Goussainville, France',0696479459), 
    
    (2170,1423,'Allen','Angel',64,'25 Esp Des Fontaines,Antony, France',0649918383),
    (2171,1423,'Moore','Bev',94,'24 Rue Des Forges,Antony, France',0695857877),
    (2172,1423,'Casey','Terry',94,'27 Rue Du Chateau,Antony, France',0670259776),
    (2173,1423,'Vazquez','Silver',35,'8 Rue Pierre Givelet,Antony, France',0640294295),
    (2174,1423,'Arnold','Avery',34,'2 Rue De La Gavotte,Antony, France',0624424919),
    (2175,1423,'Lynch','Harley',61,'1 Place Gambetta,Antony, France',0607424459),
    (2176,1423,'Patel','Haiden',35,'20 Chemin De Louverval,Antony, France',0637041171),
    (2177,1423,'Mcdonald','Charlie',33,'24 Rue Du Pont,Antony, France',0601113656),
    (2178,1423,'Gray','Quinn',22,'29 Boulevard De La Poste,Antony, France',0648018760);
    
insert into passager values    
    (2179,1653,'Parker','Jessie',44,'29 Rue De La Chausse,Antony, France',0605148853),    
    (2180,1653,'Bailey','Harper',55,'3 Rue Du Forst,Fontenay-sous-Bois, France',0652441534),
    (2181,1653,'Montoya','Raylee',99,'2 Rue Anciens Combattants Afn,Fontenay-sous-Bois, France',0670351137),
    (2182,1653,'Donovan','Bennie',66,'17 Rue D Alsace,Fontenay-sous-Bois, France',0698851479),
    (2183,1653,'Kaufman','Willy',77,'23 Boulevard Paul Vaillant Couturier,Fontenay-sous-Bois, France',0634789923),
    (2184,1653,'Brown','Elliot',48,'5 Place De La Mairie,Fontenay-sous-Bois, France',0687505640),
    (2185,1653,'Riggs','Kris',94,'6 Place Henri Dunant,Fontenay-sous-Bois, France',0664574350),
    (2186,1653,'Bruh','Jadon',78,'34 Impasse De L Aston,Fontenay-sous-Bois, France',0607451829),
    (2187,1653,'Stevens','Shay',87,'25 Rue Des Gilles,Fontenay-sous-Bois, France',0622130891),
    (2188,1653,'Harvey','Casey',94,'29 Impasse Michelet,Fontenay-sous-Bois, France',0665441909),
    (2189,1653,'Carter','Melvyne',35,'29 Alee Eugenie,Fontenay-sous-Bois, France',0645395130),    
	(2190,1653,'Wright','Emerson',64,'20 Boulevard Jules Callon,Les Mureaux, France',0646002584),
    
    (2191,1653,'Campbell','Jaime',62,'7 Alee Des Hautes Bruyeres,Les Mureaux, France',0640706754),
    (2192,1653,'Wyatt','Gail',26,'7 Impasse De La Couerazo,Les Mureaux, France',0616785020),
    (2193,1653,'Baird','Blake',28,'24 Alee Verte,Chatenay-Malabry, France',0676970581),
    (2194,1653,'Avila','Quinn',24,'9 Route D Avant Les Marcilly,Chatenay-Malabry, France',0639294364),
    (2195,1653,'Colon','Alex',26,'12 Rue Des Mimosas,Chatenay-Malabry, France',0640412190),
    (2196,1653,'Watts','Phoenix',64,'18 Rue De La Francon,Chatenay-Malabry, France',0693760358),
    (2197,1653,'Ward','Drew',24,'28 Chemin De La Rayette,Trappes, France',0617581510),
    (2198,1653,'Kaur','Maddox',29,'16 Rue Du Minas,Trappes, France',0647531683),
    (2199,1653,'Thomas','Cory',28,'5 Rue Du Grand Puits,Trappes, France',0602862149)		;
    
-- RESERVATION (n° réservation, date, n° vol, n° agent, n° paiement)
	#drop table reservation;
create table reservation	(
	numero decimal (5) primary key,
    date_reservation date not null,
	numeroV decimal (5),
    numeroG decimal (3),
    numeroP decimal (5),
	foreign key (numero) references passager (numero) , 
    foreign key (numeroP) references paiement (numero) , 
    foreign key (numeroG) references agent (numero),
	foreign key (numeroV) references vol (numero) )  ;
    
insert into reservation values
	(2056,'2021-12-05',50101,205,3001),    
    (2057,'2021-12-05',50101,216,3002),
    (2058,'2021-12-05',50101,245,3033),
    (2059,'2021-12-05',50101,209,3034),
    
    (2060,'2021-12-05',50101,265,3041),
    (2061,'2021-12-05',50101,285,3042),
    (2062,'2021-12-05',50101,205,3043),
    (2063,'2021-12-05',50101,205,3044),
    (2064,'2021-12-05',50101,205,3045),
    (2065,'2021-12-05',50101,205,3046),    
    (2066,'2021-12-05',50101,205,3047),
    (2067,'2021-12-05',50101,205,3048),
    
    (2125,'2021-12-05',50102,205,3108),
    (2126,'2021-12-05',50102,205,3109),
    (2127,'2021-12-05',50102,205,3110),
    (2128,'2021-12-05',50102,205,3111),
    
    (2129,'2021-12-05',50102,205,3054),
    (2130,'2021-12-05',50102,205,3055),
    (2131,'2021-12-05',50102,205,3056),
    (2132,'2021-12-05',50102,205,3057),    
    (2133,'2021-12-05',50102,205,3058),
    (2134,'2021-12-05',50102,205,3049),
    (2135,'2021-12-05',50102,205,3050),
    (2136,'2021-12-05',50102,205,3051),
    
    (2000,'2021-12-05',50103,205,3027),
    (2001,'2021-12-05',50103,205,3028),
    (2002,'2021-12-05',50103,205,3029),
    (2003,'2021-12-05',50103,205,3030),
    (2004,'2021-12-05',50103,205,3031),
    (2005,'2021-12-05',50103,205,3032),    
    (2006,'2021-12-05',50103,205,3035),
    (2007,'2021-12-05',50103,205,3036),
    (2008,'2021-12-05',50103,205,3037),
    (2009,'2021-12-05',50103,205,3038),
    (2010,'2021-12-06',50103,205,3039),
    (2011,'2021-12-06',50103,205,3040),
    
    (2012,'2021-12-06',50103,216,3052),
    (2013,'2021-12-06',50103,216,3053),
    (2014,'2021-12-06',50103,216,3063),
    (2015,'2021-12-06',50103,216,3064),    
	(2016,'2021-12-06',50103,216,3065),
    (2017,'2021-12-06',50103,216,3066),
    (2018,'2021-12-06',50103,216,3067),
    (2019,'2021-12-06',50103,216,3068),
    
    (2036,'2021-12-06',50104,216,3003),
    (2037,'2021-12-06',50104,216,3004),
    (2038,'2021-12-06',50104,216,3005),
    (2039,'2021-12-06',50104,216,3006),
    (2040,'2021-12-06',50104,216,3073),
    (2041,'2021-12-06',50104,216,3074),
    (2042,'2021-12-06',50104,216,3075),
    (2043,'2021-12-06',50104,216,3076),
    (2044,'2021-12-06',50104,216,3077),
    (2045,'2021-12-06',50104,216,3078),
    (2046,'2021-12-06',50104,216,3079),
    (2047,'2021-12-06',50104,216,3080),
    
    (2048,'2021-12-06',50104,216,3059),
    (2049,'2021-12-06',50104,216,3060),
    (2050,'2021-12-06',50104,216,3061),
    (2051,'2021-12-06',50104,216,3062),    
    (2052,'2021-12-06',50104,216,3069),
    (2053,'2021-12-06',50104,216,3070),
    (2054,'2021-12-06',50104,216,3071),    
    (2055,'2021-12-06',50104,216,3072),
    
    (2020,'2021-12-06',50105,245,3085),
    (2021,'2021-12-06',50105,245,3086),
    (2022,'2021-12-06',50105,245,3087),
    (2023,'2021-12-06',50105,245,3088),
    (2024,'2021-12-06',50105,245,3089),
    (2025,'2021-12-06',50105,245,3090),    
    (2026,'2021-12-06',50105,245,3091),
    (2027,'2021-12-06',50105,245,3092),
    (2028,'2021-12-06',50105,245,3093),
    (2029,'2021-12-06',50105,245,3094),
    (2030,'2021-12-06',50105,245,3095),
    (2031,'2021-12-06',50105,245,3096),
    
    (2032,'2021-12-06',50105,245,3112),
    (2033,'2021-12-06',50105,245,3113),
    (2034,'2021-12-06',50105,245,3114),
    (2035,'2021-12-06',50105,245,3115),
    
    (2068,'2021-12-06',50106,245,3149),
    (2069,'2021-12-06',50106,245,3150),
    (2070,'2021-12-06',50106,245,3151),
    (2071,'2021-12-06',50106,245,3152),
    (2072,'2021-12-06',50106,245,3153),
    (2073,'2021-12-06',50106,245,3154),
    (2074,'2021-12-06',50106,245,3155),
    (2075,'2021-12-06',50106,245,3156),
    (2076,'2021-12-06',50106,245,3157),
    (2077,'2021-12-06',50106,245,3158),    
    (2078,'2021-12-06',50106,245,3159),
    (2079,'2021-12-06',50106,245,3160),
    
    (2080,'2021-12-06',50106,245,3171),
    (2081,'2021-12-06',50106,245,3172),
    (2082,'2021-12-06',50106,245,3173),
    (2083,'2021-12-06',50106,245,3164),
    (2084,'2021-12-06',50106,209,3165),
    (2085,'2021-12-06',50106,209,3166),
    (2086,'2021-12-06',50106,209,3167),
    (2087,'2021-12-06',50106,209,3168),    
    (2088,'2021-12-06',50106,209,3169),
    
    (2158,'2021-12-07',50107,209,3140),
    (2159,'2021-12-07',50107,209,3141),
    (2160,'2021-12-07',50107,209,3142),
    (2161,'2021-12-07',50107,209,3143),
    (2162,'2021-12-07',50107,209,3144),
    (2163,'2021-12-07',50107,209,3145),
    (2164,'2021-12-07',50107,209,3146),
    (2165,'2021-12-07',50107,209,3147),
    (2166,'2021-12-07',50107,209,3148),    
    (2167,'2021-12-07',50107,209,3161),
    (2168,'2021-12-07',50107,209,3162),
    (2169,'2021-12-07',50107,209,3163),
    
    (2170,'2021-12-07',50107,209,3191),
    (2171,'2021-12-07',50107,209,3192),
    (2172,'2021-12-07',50107,209,3193),
    (2173,'2021-12-07',50107,209,3194),
    (2174,'2021-12-07',50107,209,3195),
    (2175,'2021-12-07',50107,209,3196),
    (2176,'2021-12-07',50107,209,3197),    
    (2177,'2021-12-07',50107,209,3198),
    (2178,'2021-12-08',50107,209,3199),
    
    (2089,'2021-12-08',50108,285,3007),
    (2090,'2021-12-08',50108,285,3008),
    (2091,'2021-12-08',50108,285,3009),
    (2092,'2021-12-08',50108,285,3010),
    (2093,'2021-12-08',50108,285,3011),
    (2094,'2021-12-08',50108,285,3012),
    (2095,'2021-12-08',50108,285,3013),
    (2096,'2021-12-08',50108,285,3081),    
    (2097,'2021-12-08',50108,285,3082),
    (2098,'2021-12-08',50108,285,3083),
    (2099,'2021-12-08',50108,285,3084),
    (2100,'2021-12-08',50108,285,3097),
    (2101,'2021-12-08',50108,285,3098),
    (2102,'2021-12-08',50108,285,3099),
    (2103,'2021-12-08',50108,285,3200),
    
    (2104,'2021-12-08',50108,285,3100),
    (2105,'2021-12-08',50108,285,3101),
    (2106,'2021-12-08',50108,285,3102),    
    (2107,'2021-12-08',50108,285,3103),
    (2108,'2021-12-08',50108,285,3104),
    (2109,'2021-12-08',50108,285,3105),
    (2110,'2021-12-08',50108,285,3106),
    (2111,'2021-12-08',50108,285,3107),
    (2112,'2021-12-08',50108,285,3014),
    (2113,'2021-12-08',50108,285,3015),
    (2114,'2021-12-08',50108,285,3016),
    (2115,'2021-12-09',50108,285,3017),
    (2116,'2021-12-09',50108,285,3018),    
    (2117,'2021-12-09',50108,285,3019),
    (2118,'2021-12-09',50108,285,3020),
    (2119,'2021-12-09',50108,285,3021),
    (2120,'2021-12-09',50108,285,3022),
    (2121,'2021-12-09',50108,285,3023),
    (2122,'2021-12-09',50108,285,3024),
    (2123,'2021-12-09',50108,285,3025),
    (2124,'2021-12-09',50108,285,3026),

    (2137,'2021-12-09',50109,285,3116),
    (2138,'2021-12-09',50109,285,3117),
    (2139,'2021-12-09',50109,285,3118),
    (2140,'2021-12-09',50109,285,3119),
    (2141,'2021-12-09',50109,265,3120),
    (2142,'2021-12-09',50109,265,3121),
    (2143,'2021-12-09',50109,265,3122),
    (2144,'2021-12-09',50109,265,3123),
    (2145,'2021-12-09',50109,265,3124),
    (2146,'2021-12-09',50109,265,3125),
    (2147,'2021-12-09',50109,265,3126),
    (2148,'2021-12-10',50109,265,3127),
    
    (2149,'2021-12-10',50109,265,3182),
    (2150,'2021-12-10',50109,265,3183),
    (2151,'2021-12-10',50109,265,3184),
    (2152,'2021-12-10',50109,265,3185),
    (2153,'2021-12-10',50109,265,3186),
    (2154,'2021-12-10',50109,265,3187),
    (2155,'2021-12-10',50109,265,3188),
    (2156,'2021-12-10',50109,265,3189),
    (2157,'2021-12-10',50109,265,3190),

    (2179,'2021-12-10',50110,265,3128),    
    (2180,'2021-12-10',50110,265,3129),
    (2181,'2021-12-11',50110,265,3130),
    (2182,'2021-12-11',50110,265,3131),
    (2183,'2021-12-11',50110,265,3132),
    (2184,'2021-12-11',50110,265,3133),
    (2185,'2021-12-11',50110,265,3134),
    (2186,'2021-12-11',50110,265,3135),
    (2187,'2021-12-11',50110,265,3136),
    (2188,'2021-12-11',50110,265,3137),
    (2189,'2021-12-11',50110,265,3138),    
    (2190,'2021-12-11',50110,265,3139),
    
    (2191,'2021-12-11',50110,265,3174),
    (2192,'2021-12-12',50110,265,3175),
    (2193,'2021-12-12',50110,265,3176),
    (2194,'2021-12-12',50110,265,3177),
    (2195,'2021-12-12',50110,265,3178),
    (2196,'2021-12-12',50110,265,3179),
    (2197,'2021-12-12',50110,265,3180),
    (2198,'2021-12-12',50110,265,3181),
    (2199,'2021-12-12',50110,265,3170)		;